id,split,label
Q001,test,technique
Q002,train,technique
Q003,test,technique
Q004,test,technique
Q005,test,technique
Q006,train,technique
Q007,train,technique
Q008,train,technique
Q009,train,technique
Q010,train,technique
Q011,test,technique
Q012,test,technique
Q013,train,technique
Q014,train,technique
Q015,train,technique
Q016,train,footwork
Q017,train,footwork
Q018,train,footwork
Q019,train,footwork
Q020,train,footwork
Q021,test,footwork
Q022,train,footwork
Q023,train,footwork
Q024,test,footwork
Q025,test,footwork
Q026,train,footwork
Q027,train,footwork
Q028,train,footwork
Q029,train,footwork
Q030,train,footwork
Q031,test,equipment
Q032,train,equipment
Q033,train,equipment
Q034,test,equipment
Q035,test,equipment
Q036,train,equipment
Q037,train,equipment
Q038,test,equipment
Q039,train,equipment
Q040,test,equipment
Q041,train,equipment
Q042,train,equipment
Q043,test,equipment
Q044,train,equipment
Q045,train,equipment
Q046,train,technique
Q047,train,technique
Q048,train,technique
Q049,test,technique
Q050,train,technique
Q051,test,technique
Q052,train,technique
Q053,train,technique
Q054,test,technique
Q055,train,technique
Q056,test,footwork
Q057,test,footwork
Q058,test,footwork
Q059,train,footwork
Q060,test,footwork
Q061,test,footwork
Q062,test,footwork
Q063,train,footwork
Q064,train,footwork
Q065,train,footwork
Q066,test,equipment
Q067,train,equipment
Q068,train,equipment
Q069,train,equipment
Q070,train,equipment
Q071,test,equipment
Q072,test,equipment
Q073,train,equipment
Q074,train,equipment
Q075,train,equipment
